{
  "__type__": "cc.SpriteFrame",
  "content": {
    "name": "plaza_jxlw",
    "atlas": "",
    "rect": {
      "x": 10,
      "y": 16,
      "width": 270,
      "height": 207
    },
    "offset": {
      "x": 0,
      "y": -4.5
    },
    "originalSize": {
      "width": 290,
      "height": 230
    },
    "rotated": false,
    "capInsets": [
      0,
      0,
      0,
      0
    ],
    "vertices": {
      "rawPosition": [
        -135,
        -103.5,
        0,
        135,
        -103.5,
        0,
        -135,
        103.5,
        0,
        135,
        103.5,
        0
      ],
      "indexes": [
        0,
        1,
        2,
        2,
        1,
        3
      ],
      "uv": [
        10,
        214,
        280,
        214,
        10,
        7,
        280,
        7
      ],
      "nuv": [
        0.034482758620689655,
        0.030434782608695653,
        0.9655172413793104,
        0.030434782608695653,
        0.034482758620689655,
        0.9304347826086956,
        0.9655172413793104,
        0.9304347826086956
      ],
      "minPos": {
        "x": -135,
        "y": -103.5,
        "z": 0
      },
      "maxPos": {
        "x": 135,
        "y": 103.5,
        "z": 0
      }
    },
    "texture": "291dca0e-e236-4677-98c1-2cc77edb3c79@6c48a",
    "packable": true,
    "pixelsToUnit": 100,
    "pivot": {
      "x": 0.5,
      "y": 0.5
    },
    "meshType": 0
  }
}