{
  "__type__": "cc.SpriteFrame",
  "content": {
    "name": "image_91",
    "atlas": "",
    "rect": {
      "x": 5,
      "y": 3,
      "width": 79,
      "height": 71
    },
    "offset": {
      "x": -0.5,
      "y": 0.5
    },
    "originalSize": {
      "width": 90,
      "height": 78
    },
    "rotated": false,
    "capInsets": [
      0,
      0,
      0,
      0
    ],
    "vertices": {
      "rawPosition": [
        -39.5,
        -35.5,
        0,
        39.5,
        -35.5,
        0,
        -39.5,
        35.5,
        0,
        39.5,
        35.5,
        0
      ],
      "indexes": [
        0,
        1,
        2,
        2,
        1,
        3
      ],
      "uv": [
        5,
        75,
        84,
        75,
        5,
        4,
        84,
        4
      ],
      "nuv": [
        0.05555555555555555,
        0.05128205128205128,
        0.9333333333333333,
        0.05128205128205128,
        0.05555555555555555,
        0.9615384615384616,
        0.9333333333333333,
        0.9615384615384616
      ],
      "minPos": {
        "x": -39.5,
        "y": -35.5,
        "z": 0
      },
      "maxPos": {
        "x": 39.5,
        "y": 35.5,
        "z": 0
      }
    },
    "texture": "0ba8d7dc-71a9-4888-9dc8-d544f49be009@6c48a",
    "packable": true,
    "pixelsToUnit": 100,
    "pivot": {
      "x": 0.5,
      "y": 0.5
    },
    "meshType": 0
  }
}