{
  "__type__": "cc.SpriteFrame",
  "content": {
    "name": "plaza_tgpd",
    "atlas": "",
    "rect": {
      "x": 10,
      "y": 12,
      "width": 280,
      "height": 211
    },
    "offset": {
      "x": 5,
      "y": -2.5
    },
    "originalSize": {
      "width": 290,
      "height": 230
    },
    "rotated": false,
    "capInsets": [
      0,
      0,
      0,
      0
    ],
    "vertices": {
      "rawPosition": [
        -140,
        -105.5,
        0,
        140,
        -105.5,
        0,
        -140,
        105.5,
        0,
        140,
        105.5,
        0
      ],
      "indexes": [
        0,
        1,
        2,
        2,
        1,
        3
      ],
      "uv": [
        10,
        218,
        290,
        218,
        10,
        7,
        290,
        7
      ],
      "nuv": [
        0.034482758620689655,
        0.030434782608695653,
        1,
        0.030434782608695653,
        0.034482758620689655,
        0.9478260869565217,
        1,
        0.9478260869565217
      ],
      "minPos": {
        "x": -140,
        "y": -105.5,
        "z": 0
      },
      "maxPos": {
        "x": 140,
        "y": 105.5,
        "z": 0
      }
    },
    "texture": "1d73b4b6-4ba4-4352-aec4-4ca7db34cd37@6c48a",
    "packable": true,
    "pixelsToUnit": 100,
    "pivot": {
      "x": 0.5,
      "y": 0.5
    },
    "meshType": 0
  }
}