{
  "__type__": "cc.SpriteFrame",
  "content": {
    "name": "item_bg3",
    "atlas": "",
    "rect": {
      "x": 0,
      "y": 16,
      "width": 535,
      "height": 744
    },
    "offset": {
      "x": -20,
      "y": -8
    },
    "originalSize": {
      "width": 575,
      "height": 760
    },
    "rotated": false,
    "capInsets": [
      0,
      0,
      0,
      0
    ],
    "vertices": {
      "rawPosition": [
        -267.5,
        -372,
        0,
        267.5,
        -372,
        0,
        -267.5,
        372,
        0,
        267.5,
        372,
        0
      ],
      "indexes": [
        0,
        1,
        2,
        2,
        1,
        3
      ],
      "uv": [
        0,
        744,
        535,
        744,
        0,
        0,
        535,
        0
      ],
      "nuv": [
        0,
        0,
        0.9304347826086956,
        0,
        0,
        0.9789473684210527,
        0.9304347826086956,
        0.9789473684210527
      ],
      "minPos": {
        "x": -267.5,
        "y": -372,
        "z": 0
      },
      "maxPos": {
        "x": 267.5,
        "y": 372,
        "z": 0
      }
    },
    "texture": "b67b1ae1-575f-41a1-bddf-9633fa51ed20@6c48a",
    "packable": true,
    "pixelsToUnit": 100,
    "pivot": {
      "x": 0.5,
      "y": 0.5
    },
    "meshType": 0
  }
}