{
  "__type__": "cc.SpriteFrame",
  "content": {
    "name": "image_12",
    "atlas": "",
    "rect": {
      "x": 3,
      "y": 3,
      "width": 38,
      "height": 37
    },
    "offset": {
      "x": 0,
      "y": 0
    },
    "originalSize": {
      "width": 44,
      "height": 43
    },
    "rotated": false,
    "capInsets": [
      0,
      0,
      0,
      0
    ],
    "vertices": {
      "rawPosition": [
        -19,
        -18.5,
        0,
        19,
        -18.5,
        0,
        -19,
        18.5,
        0,
        19,
        18.5,
        0
      ],
      "indexes": [
        0,
        1,
        2,
        2,
        1,
        3
      ],
      "uv": [
        3,
        40,
        41,
        40,
        3,
        3,
        41,
        3
      ],
      "nuv": [
        0.06818181818181818,
        0.06976744186046512,
        0.9318181818181818,
        0.06976744186046512,
        0.06818181818181818,
        0.9302325581395349,
        0.9318181818181818,
        0.9302325581395349
      ],
      "minPos": {
        "x": -19,
        "y": -18.5,
        "z": 0
      },
      "maxPos": {
        "x": 19,
        "y": 18.5,
        "z": 0
      }
    },
    "texture": "029406b7-3fa1-4cc2-9657-2f60c0c1fce7@6c48a",
    "packable": true,
    "pixelsToUnit": 100,
    "pivot": {
      "x": 0.5,
      "y": 0.5
    },
    "meshType": 0
  }
}