{
  "__type__": "cc.SpriteFrame",
  "content": {
    "name": "image_108",
    "atlas": "",
    "rect": {
      "x": 1,
      "y": 0,
      "width": 119,
      "height": 130
    },
    "offset": {
      "x": 0.5,
      "y": 2
    },
    "originalSize": {
      "width": 120,
      "height": 134
    },
    "rotated": false,
    "capInsets": [
      0,
      0,
      0,
      0
    ],
    "vertices": {
      "rawPosition": [
        -59.5,
        -65,
        0,
        59.5,
        -65,
        0,
        -59.5,
        65,
        0,
        59.5,
        65,
        0
      ],
      "indexes": [
        0,
        1,
        2,
        2,
        1,
        3
      ],
      "uv": [
        1,
        134,
        120,
        134,
        1,
        4,
        120,
        4
      ],
      "nuv": [
        0.008333333333333333,
        0.029850746268656716,
        1,
        0.029850746268656716,
        0.008333333333333333,
        1,
        1,
        1
      ],
      "minPos": {
        "x": -59.5,
        "y": -65,
        "z": 0
      },
      "maxPos": {
        "x": 59.5,
        "y": 65,
        "z": 0
      }
    },
    "texture": "2b2df973-be30-4283-b82e-69067d18b26d@6c48a",
    "packable": true,
    "pixelsToUnit": 100,
    "pivot": {
      "x": 0.5,
      "y": 0.5
    },
    "meshType": 0
  }
}