{
  "__type__": "cc.SpriteFrame",
  "content": {
    "name": "image_641",
    "atlas": "",
    "rect": {
      "x": 6,
      "y": 3,
      "width": 78,
      "height": 75
    },
    "offset": {
      "x": 0,
      "y": 2
    },
    "originalSize": {
      "width": 90,
      "height": 85
    },
    "rotated": false,
    "capInsets": [
      0,
      0,
      0,
      0
    ],
    "vertices": {
      "rawPosition": [
        -39,
        -37.5,
        0,
        39,
        -37.5,
        0,
        -39,
        37.5,
        0,
        39,
        37.5,
        0
      ],
      "indexes": [
        0,
        1,
        2,
        2,
        1,
        3
      ],
      "uv": [
        6,
        82,
        84,
        82,
        6,
        7,
        84,
        7
      ],
      "nuv": [
        0.06666666666666667,
        0.08235294117647059,
        0.9333333333333333,
        0.08235294117647059,
        0.06666666666666667,
        0.9647058823529412,
        0.9333333333333333,
        0.9647058823529412
      ],
      "minPos": {
        "x": -39,
        "y": -37.5,
        "z": 0
      },
      "maxPos": {
        "x": 39,
        "y": 37.5,
        "z": 0
      }
    },
    "texture": "57d79fbe-7cb9-4663-adf2-acbb5203e088@6c48a",
    "packable": true,
    "pixelsToUnit": 100,
    "pivot": {
      "x": 0.5,
      "y": 0.5
    },
    "meshType": 0
  }
}