{
  "__type__": "cc.SpriteFrame",
  "content": {
    "name": "image_102",
    "atlas": "",
    "rect": {
      "x": 6,
      "y": 4,
      "width": 110,
      "height": 110
    },
    "offset": {
      "x": 3,
      "y": 8
    },
    "originalSize": {
      "width": 116,
      "height": 134
    },
    "rotated": false,
    "capInsets": [
      0,
      0,
      0,
      0
    ],
    "vertices": {
      "rawPosition": [
        -55,
        -55,
        0,
        55,
        -55,
        0,
        -55,
        55,
        0,
        55,
        55,
        0
      ],
      "indexes": [
        0,
        1,
        2,
        2,
        1,
        3
      ],
      "uv": [
        6,
        130,
        116,
        130,
        6,
        20,
        116,
        20
      ],
      "nuv": [
        0.05172413793103448,
        0.14925373134328357,
        1,
        0.14925373134328357,
        0.05172413793103448,
        0.9701492537313433,
        1,
        0.9701492537313433
      ],
      "minPos": {
        "x": -55,
        "y": -55,
        "z": 0
      },
      "maxPos": {
        "x": 55,
        "y": 55,
        "z": 0
      }
    },
    "texture": "e4bc6cff-7665-41b2-98bc-a8de9b77caa3@6c48a",
    "packable": true,
    "pixelsToUnit": 100,
    "pivot": {
      "x": 0.5,
      "y": 0.5
    },
    "meshType": 0
  }
}