{
  "__type__": "cc.SpriteFrame",
  "content": {
    "name": "item_bg1_nn",
    "atlas": "",
    "rect": {
      "x": 0,
      "y": 4,
      "width": 558,
      "height": 699
    },
    "offset": {
      "x": -3,
      "y": 13
    },
    "originalSize": {
      "width": 564,
      "height": 733
    },
    "rotated": false,
    "capInsets": [
      0,
      0,
      0,
      0
    ],
    "vertices": {
      "rawPosition": [
        -279,
        -349.5,
        0,
        279,
        -349.5,
        0,
        -279,
        349.5,
        0,
        279,
        349.5,
        0
      ],
      "indexes": [
        0,
        1,
        2,
        2,
        1,
        3
      ],
      "uv": [
        0,
        729,
        558,
        729,
        0,
        30,
        558,
        30
      ],
      "nuv": [
        0,
        0.040927694406548434,
        0.9893617021276596,
        0.040927694406548434,
        0,
        0.9945429740791268,
        0.9893617021276596,
        0.9945429740791268
      ],
      "minPos": {
        "x": -279,
        "y": -349.5,
        "z": 0
      },
      "maxPos": {
        "x": 279,
        "y": 349.5,
        "z": 0
      }
    },
    "texture": "720815fc-6ae7-4f65-abfe-493cd2f9d757@6c48a",
    "packable": true,
    "pixelsToUnit": 100,
    "pivot": {
      "x": 0.5,
      "y": 0.5
    },
    "meshType": 0
  }
}