{
  "__type__": "cc.SpriteFrame",
  "content": {
    "name": "sgj_up_7",
    "atlas": "",
    "rect": {
      "x": 2,
      "y": 1,
      "width": 19,
      "height": 31
    },
    "offset": {
      "x": 0.5,
      "y": 0
    },
    "originalSize": {
      "width": 22,
      "height": 33
    },
    "rotated": false,
    "capInsets": [
      0,
      0,
      0,
      0
    ],
    "vertices": {
      "rawPosition": [
        -9.5,
        -15.5,
        0,
        9.5,
        -15.5,
        0,
        -9.5,
        15.5,
        0,
        9.5,
        15.5,
        0
      ],
      "indexes": [
        0,
        1,
        2,
        2,
        1,
        3
      ],
      "uv": [
        2,
        32,
        21,
        32,
        2,
        1,
        21,
        1
      ],
      "nuv": [
        0.09090909090909091,
        0.030303030303030304,
        0.9545454545454546,
        0.030303030303030304,
        0.09090909090909091,
        0.9696969696969697,
        0.9545454545454546,
        0.9696969696969697
      ],
      "minPos": {
        "x": -9.5,
        "y": -15.5,
        "z": 0
      },
      "maxPos": {
        "x": 9.5,
        "y": 15.5,
        "z": 0
      }
    },
    "texture": "72dabfd1-d7b4-49fd-a69d-95dc911fafdb@6c48a",
    "packable": true,
    "pixelsToUnit": 100,
    "pivot": {
      "x": 0.5,
      "y": 0.5
    },
    "meshType": 0
  }
}