{
  "__type__": "cc.SpriteFrame",
  "content": {
    "name": "plaza_csd",
    "atlas": "",
    "rect": {
      "x": 9,
      "y": 14,
      "width": 272,
      "height": 210
    },
    "offset": {
      "x": 0,
      "y": -4
    },
    "originalSize": {
      "width": 290,
      "height": 230
    },
    "rotated": false,
    "capInsets": [
      0,
      0,
      0,
      0
    ],
    "vertices": {
      "rawPosition": [
        -136,
        -105,
        0,
        136,
        -105,
        0,
        -136,
        105,
        0,
        136,
        105,
        0
      ],
      "indexes": [
        0,
        1,
        2,
        2,
        1,
        3
      ],
      "uv": [
        9,
        216,
        281,
        216,
        9,
        6,
        281,
        6
      ],
      "nuv": [
        0.03103448275862069,
        0.02608695652173913,
        0.9689655172413794,
        0.02608695652173913,
        0.03103448275862069,
        0.9391304347826087,
        0.9689655172413794,
        0.9391304347826087
      ],
      "minPos": {
        "x": -136,
        "y": -105,
        "z": 0
      },
      "maxPos": {
        "x": 136,
        "y": 105,
        "z": 0
      }
    },
    "texture": "c2e7c924-dd97-4215-9fe9-6fa769cd6c6b@6c48a",
    "packable": true,
    "pixelsToUnit": 100,
    "pivot": {
      "x": 0.5,
      "y": 0.5
    },
    "meshType": 0
  }
}