{
  "__type__": "cc.SpriteFrame",
  "content": {
    "name": "image_88",
    "atlas": "",
    "rect": {
      "x": 6,
      "y": 3,
      "width": 78,
      "height": 71
    },
    "offset": {
      "x": 0,
      "y": 0.5
    },
    "originalSize": {
      "width": 90,
      "height": 78
    },
    "rotated": false,
    "capInsets": [
      0,
      0,
      0,
      0
    ],
    "vertices": {
      "rawPosition": [
        -39,
        -35.5,
        0,
        39,
        -35.5,
        0,
        -39,
        35.5,
        0,
        39,
        35.5,
        0
      ],
      "indexes": [
        0,
        1,
        2,
        2,
        1,
        3
      ],
      "uv": [
        6,
        75,
        84,
        75,
        6,
        4,
        84,
        4
      ],
      "nuv": [
        0.06666666666666667,
        0.05128205128205128,
        0.9333333333333333,
        0.05128205128205128,
        0.06666666666666667,
        0.9615384615384616,
        0.9333333333333333,
        0.9615384615384616
      ],
      "minPos": {
        "x": -39,
        "y": -35.5,
        "z": 0
      },
      "maxPos": {
        "x": 39,
        "y": 35.5,
        "z": 0
      }
    },
    "texture": "b24fb3ab-6bb3-410f-af02-642cf89e3e62@6c48a",
    "packable": true,
    "pixelsToUnit": 100,
    "pivot": {
      "x": 0.5,
      "y": 0.5
    },
    "meshType": 0
  }
}