{
  "__type__": "cc.SpriteFrame",
  "content": {
    "name": "item_bg2_nn",
    "atlas": "",
    "rect": {
      "x": 0,
      "y": 4,
      "width": 561,
      "height": 699
    },
    "offset": {
      "x": -0.5,
      "y": 13
    },
    "originalSize": {
      "width": 562,
      "height": 733
    },
    "rotated": false,
    "capInsets": [
      0,
      0,
      0,
      0
    ],
    "vertices": {
      "rawPosition": [
        -280.5,
        -349.5,
        0,
        280.5,
        -349.5,
        0,
        -280.5,
        349.5,
        0,
        280.5,
        349.5,
        0
      ],
      "indexes": [
        0,
        1,
        2,
        2,
        1,
        3
      ],
      "uv": [
        0,
        729,
        561,
        729,
        0,
        30,
        561,
        30
      ],
      "nuv": [
        0,
        0.040927694406548434,
        0.998220640569395,
        0.040927694406548434,
        0,
        0.9945429740791268,
        0.998220640569395,
        0.9945429740791268
      ],
      "minPos": {
        "x": -280.5,
        "y": -349.5,
        "z": 0
      },
      "maxPos": {
        "x": 280.5,
        "y": 349.5,
        "z": 0
      }
    },
    "texture": "cd28f7cc-4b7d-4750-a8ef-362444163d8c@6c48a",
    "packable": true,
    "pixelsToUnit": 100,
    "pivot": {
      "x": 0.5,
      "y": 0.5
    },
    "meshType": 0
  }
}