{
  "__type__": "cc.SpriteFrame",
  "content": {
    "name": "sgj_up_1",
    "atlas": "",
    "rect": {
      "x": 15,
      "y": 1,
      "width": 7,
      "height": 31
    },
    "offset": {
      "x": 7.5,
      "y": 0
    },
    "originalSize": {
      "width": 22,
      "height": 33
    },
    "rotated": false,
    "capInsets": [
      0,
      0,
      0,
      0
    ],
    "vertices": {
      "rawPosition": [
        -3.5,
        -15.5,
        0,
        3.5,
        -15.5,
        0,
        -3.5,
        15.5,
        0,
        3.5,
        15.5,
        0
      ],
      "indexes": [
        0,
        1,
        2,
        2,
        1,
        3
      ],
      "uv": [
        15,
        32,
        22,
        32,
        15,
        1,
        22,
        1
      ],
      "nuv": [
        0.6818181818181818,
        0.030303030303030304,
        1,
        0.030303030303030304,
        0.6818181818181818,
        0.9696969696969697,
        1,
        0.9696969696969697
      ],
      "minPos": {
        "x": -3.5,
        "y": -15.5,
        "z": 0
      },
      "maxPos": {
        "x": 3.5,
        "y": 15.5,
        "z": 0
      }
    },
    "texture": "97803200-e7fc-44f9-8af8-13d778951d4d@6c48a",
    "packable": true,
    "pixelsToUnit": 100,
    "pivot": {
      "x": 0.5,
      "y": 0.5
    },
    "meshType": 0
  }
}