{
  "__type__": "cc.SpriteFrame",
  "content": {
    "name": "btn_weixin",
    "atlas": "",
    "rect": {
      "x": 0,
      "y": 1,
      "width": 333,
      "height": 92
    },
    "offset": {
      "x": 0,
      "y": -0.5
    },
    "originalSize": {
      "width": 333,
      "height": 93
    },
    "rotated": false,
    "capInsets": [
      0,
      0,
      0,
      0
    ],
    "vertices": {
      "rawPosition": [
        -166.5,
        -46,
        0,
        166.5,
        -46,
        0,
        -166.5,
        46,
        0,
        166.5,
        46,
        0
      ],
      "indexes": [
        0,
        1,
        2,
        2,
        1,
        3
      ],
      "uv": [
        0,
        92,
        333,
        92,
        0,
        0,
        333,
        0
      ],
      "nuv": [
        0,
        0,
        1,
        0,
        0,
        0.989247311827957,
        1,
        0.989247311827957
      ],
      "minPos": {
        "x": -166.5,
        "y": -46,
        "z": 0
      },
      "maxPos": {
        "x": 166.5,
        "y": 46,
        "z": 0
      }
    },
    "texture": "67714774-9334-4931-b97a-730035ee51f6@6c48a",
    "packable": true,
    "pixelsToUnit": 100,
    "pivot": {
      "x": 0.5,
      "y": 0.5
    },
    "meshType": 0
  }
}