{
  "__type__": "cc.SpriteFrame",
  "content": {
    "name": "image_110",
    "atlas": "",
    "rect": {
      "x": 0,
      "y": 0,
      "width": 118,
      "height": 128
    },
    "offset": {
      "x": -1,
      "y": 3
    },
    "originalSize": {
      "width": 120,
      "height": 134
    },
    "rotated": false,
    "capInsets": [
      0,
      0,
      0,
      0
    ],
    "vertices": {
      "rawPosition": [
        -59,
        -64,
        0,
        59,
        -64,
        0,
        -59,
        64,
        0,
        59,
        64,
        0
      ],
      "indexes": [
        0,
        1,
        2,
        2,
        1,
        3
      ],
      "uv": [
        0,
        134,
        118,
        134,
        0,
        6,
        118,
        6
      ],
      "nuv": [
        0,
        0.04477611940298507,
        0.9833333333333333,
        0.04477611940298507,
        0,
        1,
        0.9833333333333333,
        1
      ],
      "minPos": {
        "x": -59,
        "y": -64,
        "z": 0
      },
      "maxPos": {
        "x": 59,
        "y": 64,
        "z": 0
      }
    },
    "texture": "90e936b6-e1c5-4a0a-b533-7dbf0810ea86@6c48a",
    "packable": true,
    "pixelsToUnit": 100,
    "pivot": {
      "x": 0.5,
      "y": 0.5
    },
    "meshType": 0
  }
}