{
  "__type__": "cc.SpriteFrame",
  "content": {
    "name": "image_34",
    "atlas": "",
    "rect": {
      "x": 1,
      "y": 0,
      "width": 108,
      "height": 67
    },
    "offset": {
      "x": 0,
      "y": 0
    },
    "originalSize": {
      "width": 110,
      "height": 67
    },
    "rotated": false,
    "capInsets": [
      0,
      0,
      0,
      0
    ],
    "vertices": {
      "rawPosition": [
        -54,
        -33.5,
        0,
        54,
        -33.5,
        0,
        -54,
        33.5,
        0,
        54,
        33.5,
        0
      ],
      "indexes": [
        0,
        1,
        2,
        2,
        1,
        3
      ],
      "uv": [
        1,
        67,
        109,
        67,
        1,
        0,
        109,
        0
      ],
      "nuv": [
        0.00909090909090909,
        0,
        0.990909090909091,
        0,
        0.00909090909090909,
        1,
        0.990909090909091,
        1
      ],
      "minPos": {
        "x": -54,
        "y": -33.5,
        "z": 0
      },
      "maxPos": {
        "x": 54,
        "y": 33.5,
        "z": 0
      }
    },
    "texture": "24897dcc-8731-42bf-8a92-0455a4720f78@6c48a",
    "packable": true,
    "pixelsToUnit": 100,
    "pivot": {
      "x": 0.5,
      "y": 0.5
    },
    "meshType": 0
  }
}