{
  "__type__": "cc.SpriteFrame",
  "content": {
    "name": "item_bg4_nn",
    "atlas": "",
    "rect": {
      "x": 0,
      "y": 4,
      "width": 558,
      "height": 709
    },
    "offset": {
      "x": 0,
      "y": 8
    },
    "originalSize": {
      "width": 558,
      "height": 733
    },
    "rotated": false,
    "capInsets": [
      0,
      0,
      0,
      0
    ],
    "vertices": {
      "rawPosition": [
        -279,
        -354.5,
        0,
        279,
        -354.5,
        0,
        -279,
        354.5,
        0,
        279,
        354.5,
        0
      ],
      "indexes": [
        0,
        1,
        2,
        2,
        1,
        3
      ],
      "uv": [
        0,
        729,
        558,
        729,
        0,
        20,
        558,
        20
      ],
      "nuv": [
        0,
        0.027285129604365622,
        1,
        0.027285129604365622,
        0,
        0.9945429740791268,
        1,
        0.9945429740791268
      ],
      "minPos": {
        "x": -279,
        "y": -354.5,
        "z": 0
      },
      "maxPos": {
        "x": 279,
        "y": 354.5,
        "z": 0
      }
    },
    "texture": "7b1b210d-b0ff-4c18-b909-1a3b8aaabad2@6c48a",
    "packable": true,
    "pixelsToUnit": 100,
    "pivot": {
      "x": 0.5,
      "y": 0.5
    },
    "meshType": 0
  }
}