{
  "__type__": "cc.SpriteFrame",
  "content": {
    "name": "regist_eidtbg",
    "atlas": "",
    "rect": {
      "x": 8,
      "y": 5,
      "width": 150,
      "height": 59
    },
    "offset": {
      "x": 0,
      "y": 0.5
    },
    "originalSize": {
      "width": 166,
      "height": 70
    },
    "rotated": false,
    "capInsets": [
      54,
      23,
      54,
      23
    ],
    "vertices": {
      "rawPosition": [
        -75,
        -29.5,
        0,
        75,
        -29.5,
        0,
        -75,
        29.5,
        0,
        75,
        29.5,
        0
      ],
      "indexes": [
        0,
        1,
        2,
        2,
        1,
        3
      ],
      "uv": [
        8,
        65,
        158,
        65,
        8,
        6,
        158,
        6
      ],
      "nuv": [
        0.04819277108433735,
        0.08571428571428572,
        0.9518072289156626,
        0.08571428571428572,
        0.04819277108433735,
        0.9285714285714286,
        0.9518072289156626,
        0.9285714285714286
      ],
      "minPos": {
        "x": -75,
        "y": -29.5,
        "z": 0
      },
      "maxPos": {
        "x": 75,
        "y": 29.5,
        "z": 0
      }
    },
    "texture": "3feed150-bf6f-4808-b92b-2f3125f69527@6c48a",
    "packable": true,
    "pixelsToUnit": 100,
    "pivot": {
      "x": 0.5,
      "y": 0.5
    },
    "meshType": 0
  }
}