{
  "__type__": "cc.SpriteFrame",
  "content": {
    "name": "da_man_guan",
    "atlas": "",
    "rect": {
      "x": 2,
      "y": 2,
      "width": 1787,
      "height": 264
    },
    "offset": {
      "x": 0,
      "y": 0
    },
    "originalSize": {
      "width": 1791,
      "height": 268
    },
    "rotated": false,
    "capInsets": [
      0,
      0,
      0,
      0
    ],
    "vertices": {
      "rawPosition": [
        -893.5,
        -132,
        0,
        893.5,
        -132,
        0,
        -893.5,
        132,
        0,
        893.5,
        132,
        0
      ],
      "indexes": [
        0,
        1,
        2,
        2,
        1,
        3
      ],
      "uv": [
        2,
        266,
        1789,
        266,
        2,
        2,
        1789,
        2
      ],
      "nuv": [
        0.0011166945840312675,
        0.007462686567164179,
        0.9988833054159687,
        0.007462686567164179,
        0.0011166945840312675,
        0.9925373134328358,
        0.9988833054159687,
        0.9925373134328358
      ],
      "minPos": {
        "x": -893.5,
        "y": -132,
        "z": 0
      },
      "maxPos": {
        "x": 893.5,
        "y": 132,
        "z": 0
      }
    },
    "texture": "a43339cf-3b21-4562-99bc-b407c3ce9043@6c48a",
    "packable": true,
    "pixelsToUnit": 100,
    "pivot": {
      "x": 0.5,
      "y": 0.5
    },
    "meshType": 0
  }
}