{
  "__type__": "cc.SpriteFrame",
  "content": {
    "name": "image_123",
    "atlas": "",
    "rect": {
      "x": 0,
      "y": 4,
      "width": 118,
      "height": 124
    },
    "offset": {
      "x": -1,
      "y": 1
    },
    "originalSize": {
      "width": 120,
      "height": 134
    },
    "rotated": false,
    "capInsets": [
      0,
      0,
      0,
      0
    ],
    "vertices": {
      "rawPosition": [
        -59,
        -62,
        0,
        59,
        -62,
        0,
        -59,
        62,
        0,
        59,
        62,
        0
      ],
      "indexes": [
        0,
        1,
        2,
        2,
        1,
        3
      ],
      "uv": [
        0,
        130,
        118,
        130,
        0,
        6,
        118,
        6
      ],
      "nuv": [
        0,
        0.04477611940298507,
        0.9833333333333333,
        0.04477611940298507,
        0,
        0.9701492537313433,
        0.9833333333333333,
        0.9701492537313433
      ],
      "minPos": {
        "x": -59,
        "y": -62,
        "z": 0
      },
      "maxPos": {
        "x": 59,
        "y": 62,
        "z": 0
      }
    },
    "texture": "fe06f7fc-e5bd-4301-9603-fda9778b2b42@6c48a",
    "packable": true,
    "pixelsToUnit": 100,
    "pivot": {
      "x": 0.5,
      "y": 0.5
    },
    "meshType": 0
  }
}