{
  "__type__": "cc.SpriteFrame",
  "content": {
    "name": "all1",
    "atlas": "",
    "rect": {
      "x": 5,
      "y": 2,
      "width": 111,
      "height": 90
    },
    "offset": {
      "x": 0.5,
      "y": 0.5
    },
    "originalSize": {
      "width": 120,
      "height": 95
    },
    "rotated": false,
    "capInsets": [
      0,
      0,
      0,
      0
    ],
    "vertices": {
      "rawPosition": [
        -55.5,
        -45,
        0,
        55.5,
        -45,
        0,
        -55.5,
        45,
        0,
        55.5,
        45,
        0
      ],
      "indexes": [
        0,
        1,
        2,
        2,
        1,
        3
      ],
      "uv": [
        5,
        93,
        116,
        93,
        5,
        3,
        116,
        3
      ],
      "nuv": [
        0.041666666666666664,
        0.031578947368421054,
        0.9666666666666667,
        0.031578947368421054,
        0.041666666666666664,
        0.9789473684210527,
        0.9666666666666667,
        0.9789473684210527
      ],
      "minPos": {
        "x": -55.5,
        "y": -45,
        "z": 0
      },
      "maxPos": {
        "x": 55.5,
        "y": 45,
        "z": 0
      }
    },
    "texture": "f193b697-b3cb-4c08-9b0c-3b9e99e07780@6c48a",
    "packable": true,
    "pixelsToUnit": 100,
    "pivot": {
      "x": 0.5,
      "y": 0.5
    },
    "meshType": 0
  }
}