{
  "__type__": "cc.SpriteFrame",
  "content": {
    "name": "image_124",
    "atlas": "",
    "rect": {
      "x": 4,
      "y": 5,
      "width": 112,
      "height": 124
    },
    "offset": {
      "x": 0,
      "y": 0
    },
    "originalSize": {
      "width": 120,
      "height": 134
    },
    "rotated": false,
    "capInsets": [
      0,
      0,
      0,
      0
    ],
    "vertices": {
      "rawPosition": [
        -56,
        -62,
        0,
        56,
        -62,
        0,
        -56,
        62,
        0,
        56,
        62,
        0
      ],
      "indexes": [
        0,
        1,
        2,
        2,
        1,
        3
      ],
      "uv": [
        4,
        129,
        116,
        129,
        4,
        5,
        116,
        5
      ],
      "nuv": [
        0.03333333333333333,
        0.03731343283582089,
        0.9666666666666667,
        0.03731343283582089,
        0.03333333333333333,
        0.9626865671641791,
        0.9666666666666667,
        0.9626865671641791
      ],
      "minPos": {
        "x": -56,
        "y": -62,
        "z": 0
      },
      "maxPos": {
        "x": 56,
        "y": 62,
        "z": 0
      }
    },
    "texture": "3842cee6-2840-4769-8925-85810a787e1a@6c48a",
    "packable": true,
    "pixelsToUnit": 100,
    "pivot": {
      "x": 0.5,
      "y": 0.5
    },
    "meshType": 0
  }
}