{
  "__type__": "cc.SpriteFrame",
  "content": {
    "name": "image_121",
    "atlas": "",
    "rect": {
      "x": 1,
      "y": 6,
      "width": 127,
      "height": 123
    },
    "offset": {
      "x": 0.5,
      "y": -0.5
    },
    "originalSize": {
      "width": 128,
      "height": 134
    },
    "rotated": false,
    "capInsets": [
      0,
      0,
      0,
      0
    ],
    "vertices": {
      "rawPosition": [
        -63.5,
        -61.5,
        0,
        63.5,
        -61.5,
        0,
        -63.5,
        61.5,
        0,
        63.5,
        61.5,
        0
      ],
      "indexes": [
        0,
        1,
        2,
        2,
        1,
        3
      ],
      "uv": [
        1,
        128,
        128,
        128,
        1,
        5,
        128,
        5
      ],
      "nuv": [
        0.0078125,
        0.03731343283582089,
        1,
        0.03731343283582089,
        0.0078125,
        0.9552238805970149,
        1,
        0.9552238805970149
      ],
      "minPos": {
        "x": -63.5,
        "y": -61.5,
        "z": 0
      },
      "maxPos": {
        "x": 63.5,
        "y": 61.5,
        "z": 0
      }
    },
    "texture": "38671a38-bb4f-448b-851f-a0cf5c05123c@6c48a",
    "packable": true,
    "pixelsToUnit": 100,
    "pivot": {
      "x": 0.5,
      "y": 0.5
    },
    "meshType": 0
  }
}