{
  "__type__": "cc.SpriteFrame",
  "content": {
    "name": "item_bg3_nn",
    "atlas": "",
    "rect": {
      "x": 0,
      "y": 4,
      "width": 570,
      "height": 709
    },
    "offset": {
      "x": -3.5,
      "y": 8
    },
    "originalSize": {
      "width": 577,
      "height": 733
    },
    "rotated": false,
    "capInsets": [
      0,
      0,
      0,
      0
    ],
    "vertices": {
      "rawPosition": [
        -285,
        -354.5,
        0,
        285,
        -354.5,
        0,
        -285,
        354.5,
        0,
        285,
        354.5,
        0
      ],
      "indexes": [
        0,
        1,
        2,
        2,
        1,
        3
      ],
      "uv": [
        0,
        729,
        570,
        729,
        0,
        20,
        570,
        20
      ],
      "nuv": [
        0,
        0.027285129604365622,
        0.9878682842287695,
        0.027285129604365622,
        0,
        0.9945429740791268,
        0.9878682842287695,
        0.9945429740791268
      ],
      "minPos": {
        "x": -285,
        "y": -354.5,
        "z": 0
      },
      "maxPos": {
        "x": 285,
        "y": 354.5,
        "z": 0
      }
    },
    "texture": "3a5b12ff-edeb-4ca5-a684-ddb678396fde@6c48a",
    "packable": true,
    "pixelsToUnit": 100,
    "pivot": {
      "x": 0.5,
      "y": 0.5
    },
    "meshType": 0
  }
}