{
  "__type__": "cc.SpriteFrame",
  "content": {
    "name": "item_bg4",
    "atlas": "",
    "rect": {
      "x": 72,
      "y": 15,
      "width": 463,
      "height": 745
    },
    "offset": {
      "x": 16,
      "y": -7.5
    },
    "originalSize": {
      "width": 575,
      "height": 760
    },
    "rotated": false,
    "capInsets": [
      0,
      0,
      0,
      0
    ],
    "vertices": {
      "rawPosition": [
        -231.5,
        -372.5,
        0,
        231.5,
        -372.5,
        0,
        -231.5,
        372.5,
        0,
        231.5,
        372.5,
        0
      ],
      "indexes": [
        0,
        1,
        2,
        2,
        1,
        3
      ],
      "uv": [
        72,
        745,
        535,
        745,
        72,
        0,
        535,
        0
      ],
      "nuv": [
        0.12521739130434784,
        0,
        0.9304347826086956,
        0,
        0.12521739130434784,
        0.9802631578947368,
        0.9304347826086956,
        0.9802631578947368
      ],
      "minPos": {
        "x": -231.5,
        "y": -372.5,
        "z": 0
      },
      "maxPos": {
        "x": 231.5,
        "y": 372.5,
        "z": 0
      }
    },
    "texture": "369250e5-9287-40f1-8a74-f024373d3c68@6c48a",
    "packable": true,
    "pixelsToUnit": 100,
    "pivot": {
      "x": 0.5,
      "y": 0.5
    },
    "meshType": 0
  }
}