{
  "__type__": "cc.SpriteFrame",
  "content": {
    "name": "image_101",
    "atlas": "",
    "rect": {
      "x": 6,
      "y": 9,
      "width": 110,
      "height": 105
    },
    "offset": {
      "x": 3,
      "y": 5.5
    },
    "originalSize": {
      "width": 116,
      "height": 134
    },
    "rotated": false,
    "capInsets": [
      0,
      0,
      0,
      0
    ],
    "vertices": {
      "rawPosition": [
        -55,
        -52.5,
        0,
        55,
        -52.5,
        0,
        -55,
        52.5,
        0,
        55,
        52.5,
        0
      ],
      "indexes": [
        0,
        1,
        2,
        2,
        1,
        3
      ],
      "uv": [
        6,
        125,
        116,
        125,
        6,
        20,
        116,
        20
      ],
      "nuv": [
        0.05172413793103448,
        0.14925373134328357,
        1,
        0.14925373134328357,
        0.05172413793103448,
        0.9328358208955224,
        1,
        0.9328358208955224
      ],
      "minPos": {
        "x": -55,
        "y": -52.5,
        "z": 0
      },
      "maxPos": {
        "x": 55,
        "y": 52.5,
        "z": 0
      }
    },
    "texture": "3c8a017e-492c-44df-a8e2-7a2cd3fd4344@6c48a",
    "packable": true,
    "pixelsToUnit": 100,
    "pivot": {
      "x": 0.5,
      "y": 0.5
    },
    "meshType": 0
  }
}