{
  "__type__": "cc.SpriteFrame",
  "content": {
    "name": "image_1051",
    "atlas": "",
    "rect": {
      "x": 1,
      "y": 0,
      "width": 127,
      "height": 129
    },
    "offset": {
      "x": 0.5,
      "y": 2.5
    },
    "originalSize": {
      "width": 128,
      "height": 134
    },
    "rotated": false,
    "capInsets": [
      0,
      0,
      0,
      0
    ],
    "vertices": {
      "rawPosition": [
        -63.5,
        -64.5,
        0,
        63.5,
        -64.5,
        0,
        -63.5,
        64.5,
        0,
        63.5,
        64.5,
        0
      ],
      "indexes": [
        0,
        1,
        2,
        2,
        1,
        3
      ],
      "uv": [
        1,
        134,
        128,
        134,
        1,
        5,
        128,
        5
      ],
      "nuv": [
        0.0078125,
        0.03731343283582089,
        1,
        0.03731343283582089,
        0.0078125,
        1,
        1,
        1
      ],
      "minPos": {
        "x": -63.5,
        "y": -64.5,
        "z": 0
      },
      "maxPos": {
        "x": 63.5,
        "y": 64.5,
        "z": 0
      }
    },
    "texture": "ce0d1f2b-657e-4afe-b910-a06601f06034@6c48a",
    "packable": true,
    "pixelsToUnit": 100,
    "pivot": {
      "x": 0.5,
      "y": 0.5
    },
    "meshType": 0
  }
}