{
  "__type__": "cc.SpriteFrame",
  "content": {
    "name": "image_1112",
    "atlas": "",
    "rect": {
      "x": 4,
      "y": 0,
      "width": 112,
      "height": 129
    },
    "offset": {
      "x": 0,
      "y": 2.5
    },
    "originalSize": {
      "width": 120,
      "height": 134
    },
    "rotated": false,
    "capInsets": [
      0,
      0,
      0,
      0
    ],
    "vertices": {
      "rawPosition": [
        -56,
        -64.5,
        0,
        56,
        -64.5,
        0,
        -56,
        64.5,
        0,
        56,
        64.5,
        0
      ],
      "indexes": [
        0,
        1,
        2,
        2,
        1,
        3
      ],
      "uv": [
        4,
        134,
        116,
        134,
        4,
        5,
        116,
        5
      ],
      "nuv": [
        0.03333333333333333,
        0.03731343283582089,
        0.9666666666666667,
        0.03731343283582089,
        0.03333333333333333,
        1,
        0.9666666666666667,
        1
      ],
      "minPos": {
        "x": -56,
        "y": -64.5,
        "z": 0
      },
      "maxPos": {
        "x": 56,
        "y": 64.5,
        "z": 0
      }
    },
    "texture": "ce3446ee-18cc-478a-986f-cce0453367f0@6c48a",
    "packable": true,
    "pixelsToUnit": 100,
    "pivot": {
      "x": 0.5,
      "y": 0.5
    },
    "meshType": 0
  }
}