{
  "__type__": "cc.SpriteFrame",
  "content": {
    "name": "image_1114",
    "atlas": "",
    "rect": {
      "x": 1,
      "y": 0,
      "width": 171,
      "height": 129
    },
    "offset": {
      "x": 0.5,
      "y": 2.5
    },
    "originalSize": {
      "width": 172,
      "height": 134
    },
    "rotated": false,
    "capInsets": [
      0,
      0,
      0,
      0
    ],
    "vertices": {
      "rawPosition": [
        -85.5,
        -64.5,
        0,
        85.5,
        -64.5,
        0,
        -85.5,
        64.5,
        0,
        85.5,
        64.5,
        0
      ],
      "indexes": [
        0,
        1,
        2,
        2,
        1,
        3
      ],
      "uv": [
        1,
        134,
        172,
        134,
        1,
        5,
        172,
        5
      ],
      "nuv": [
        0.005813953488372093,
        0.03731343283582089,
        1,
        0.03731343283582089,
        0.005813953488372093,
        1,
        1,
        1
      ],
      "minPos": {
        "x": -85.5,
        "y": -64.5,
        "z": 0
      },
      "maxPos": {
        "x": 85.5,
        "y": 64.5,
        "z": 0
      }
    },
    "texture": "a511e89b-8222-4529-bdf1-871555aa995e@6c48a",
    "packable": true,
    "pixelsToUnit": 100,
    "pivot": {
      "x": 0.5,
      "y": 0.5
    },
    "meshType": 0
  }
}