{
  "__type__": "cc.SpriteFrame",
  "content": {
    "name": "sgj_up_6",
    "atlas": "",
    "rect": {
      "x": 1,
      "y": 1,
      "width": 21,
      "height": 32
    },
    "offset": {
      "x": 0.5,
      "y": -0.5
    },
    "originalSize": {
      "width": 22,
      "height": 33
    },
    "rotated": false,
    "capInsets": [
      0,
      0,
      0,
      0
    ],
    "vertices": {
      "rawPosition": [
        -10.5,
        -16,
        0,
        10.5,
        -16,
        0,
        -10.5,
        16,
        0,
        10.5,
        16,
        0
      ],
      "indexes": [
        0,
        1,
        2,
        2,
        1,
        3
      ],
      "uv": [
        1,
        32,
        22,
        32,
        1,
        0,
        22,
        0
      ],
      "nuv": [
        0.045454545454545456,
        0,
        1,
        0,
        0.045454545454545456,
        0.9696969696969697,
        1,
        0.9696969696969697
      ],
      "minPos": {
        "x": -10.5,
        "y": -16,
        "z": 0
      },
      "maxPos": {
        "x": 10.5,
        "y": 16,
        "z": 0
      }
    },
    "texture": "28136b5b-65a3-4942-92ff-f9fef78f93b4@6c48a",
    "packable": true,
    "pixelsToUnit": 100,
    "pivot": {
      "x": 0.5,
      "y": 0.5
    },
    "meshType": 0
  }
}