{
  "__type__": "cc.SpriteFrame",
  "content": {
    "name": "item_bg1",
    "atlas": "",
    "rect": {
      "x": 23,
      "y": 25,
      "width": 512,
      "height": 735
    },
    "offset": {
      "x": -8.5,
      "y": -12.5
    },
    "originalSize": {
      "width": 575,
      "height": 760
    },
    "rotated": false,
    "capInsets": [
      0,
      0,
      0,
      0
    ],
    "vertices": {
      "rawPosition": [
        -256,
        -367.5,
        0,
        256,
        -367.5,
        0,
        -256,
        367.5,
        0,
        256,
        367.5,
        0
      ],
      "indexes": [
        0,
        1,
        2,
        2,
        1,
        3
      ],
      "uv": [
        23,
        735,
        535,
        735,
        23,
        0,
        535,
        0
      ],
      "nuv": [
        0.04,
        0,
        0.9304347826086956,
        0,
        0.04,
        0.9671052631578947,
        0.9304347826086956,
        0.9671052631578947
      ],
      "minPos": {
        "x": -256,
        "y": -367.5,
        "z": 0
      },
      "maxPos": {
        "x": 256,
        "y": 367.5,
        "z": 0
      }
    },
    "texture": "7f7fd075-b89d-4339-99b7-84f0eadc6e7a@6c48a",
    "packable": true,
    "pixelsToUnit": 100,
    "pivot": {
      "x": 0.5,
      "y": 0.5
    },
    "meshType": 0
  }
}