{
  "__type__": "cc.SpriteFrame",
  "content": {
    "name": "image_122",
    "atlas": "",
    "rect": {
      "x": 1,
      "y": 6,
      "width": 119,
      "height": 124
    },
    "offset": {
      "x": 0.5,
      "y": -1
    },
    "originalSize": {
      "width": 120,
      "height": 134
    },
    "rotated": false,
    "capInsets": [
      0,
      0,
      0,
      0
    ],
    "vertices": {
      "rawPosition": [
        -59.5,
        -62,
        0,
        59.5,
        -62,
        0,
        -59.5,
        62,
        0,
        59.5,
        62,
        0
      ],
      "indexes": [
        0,
        1,
        2,
        2,
        1,
        3
      ],
      "uv": [
        1,
        128,
        120,
        128,
        1,
        4,
        120,
        4
      ],
      "nuv": [
        0.008333333333333333,
        0.029850746268656716,
        1,
        0.029850746268656716,
        0.008333333333333333,
        0.9552238805970149,
        1,
        0.9552238805970149
      ],
      "minPos": {
        "x": -59.5,
        "y": -62,
        "z": 0
      },
      "maxPos": {
        "x": 59.5,
        "y": 62,
        "z": 0
      }
    },
    "texture": "fd1829da-9bb6-462c-8f10-592085909a2a@6c48a",
    "packable": true,
    "pixelsToUnit": 100,
    "pivot": {
      "x": 0.5,
      "y": 0.5
    },
    "meshType": 0
  }
}