{
  "__type__": "cc.SpriteFrame",
  "content": {
    "name": "sgj_centerlt",
    "atlas": "",
    "rect": {
      "x": 8,
      "y": 2,
      "width": 94,
      "height": 94
    },
    "offset": {
      "x": 0.5,
      "y": 0.5
    },
    "originalSize": {
      "width": 109,
      "height": 99
    },
    "rotated": false,
    "capInsets": [
      0,
      0,
      0,
      0
    ],
    "vertices": {
      "rawPosition": [
        -47,
        -47,
        0,
        47,
        -47,
        0,
        -47,
        47,
        0,
        47,
        47,
        0
      ],
      "indexes": [
        0,
        1,
        2,
        2,
        1,
        3
      ],
      "uv": [
        8,
        97,
        102,
        97,
        8,
        3,
        102,
        3
      ],
      "nuv": [
        0.07339449541284404,
        0.030303030303030304,
        0.9357798165137615,
        0.030303030303030304,
        0.07339449541284404,
        0.9797979797979798,
        0.9357798165137615,
        0.9797979797979798
      ],
      "minPos": {
        "x": -47,
        "y": -47,
        "z": 0
      },
      "maxPos": {
        "x": 47,
        "y": 47,
        "z": 0
      }
    },
    "texture": "2a78e4b2-3c29-4d4f-9ec3-15546901a699@6c48a",
    "packable": true,
    "pixelsToUnit": 100,
    "pivot": {
      "x": 0.5,
      "y": 0.5
    },
    "meshType": 0
  }
}