{
  "__type__": "cc.SpriteFrame",
  "content": {
    "name": "all121",
    "atlas": "",
    "rect": {
      "x": 5,
      "y": 2,
      "width": 111,
      "height": 100
    },
    "offset": {
      "x": 0.5,
      "y": 1
    },
    "originalSize": {
      "width": 120,
      "height": 106
    },
    "rotated": false,
    "capInsets": [
      0,
      0,
      0,
      0
    ],
    "vertices": {
      "rawPosition": [
        -55.5,
        -50,
        0,
        55.5,
        -50,
        0,
        -55.5,
        50,
        0,
        55.5,
        50,
        0
      ],
      "indexes": [
        0,
        1,
        2,
        2,
        1,
        3
      ],
      "uv": [
        5,
        104,
        116,
        104,
        5,
        4,
        116,
        4
      ],
      "nuv": [
        0.041666666666666664,
        0.03773584905660377,
        0.9666666666666667,
        0.03773584905660377,
        0.041666666666666664,
        0.9811320754716981,
        0.9666666666666667,
        0.9811320754716981
      ],
      "minPos": {
        "x": -55.5,
        "y": -50,
        "z": 0
      },
      "maxPos": {
        "x": 55.5,
        "y": 50,
        "z": 0
      }
    },
    "texture": "428b2138-3245-4836-a564-7903e8cc66da@6c48a",
    "packable": true,
    "pixelsToUnit": 100,
    "pivot": {
      "x": 0.5,
      "y": 0.5
    },
    "meshType": 0
  }
}