{
  "__type__": "cc.SpriteFrame",
  "content": {
    "name": "item_bg2",
    "atlas": "",
    "rect": {
      "x": 36,
      "y": 0,
      "width": 499,
      "height": 760
    },
    "offset": {
      "x": -2,
      "y": 0
    },
    "originalSize": {
      "width": 575,
      "height": 760
    },
    "rotated": false,
    "capInsets": [
      0,
      0,
      0,
      0
    ],
    "vertices": {
      "rawPosition": [
        -249.5,
        -380,
        0,
        249.5,
        -380,
        0,
        -249.5,
        380,
        0,
        249.5,
        380,
        0
      ],
      "indexes": [
        0,
        1,
        2,
        2,
        1,
        3
      ],
      "uv": [
        36,
        760,
        535,
        760,
        36,
        0,
        535,
        0
      ],
      "nuv": [
        0.06260869565217392,
        0,
        0.9304347826086956,
        0,
        0.06260869565217392,
        1,
        0.9304347826086956,
        1
      ],
      "minPos": {
        "x": -249.5,
        "y": -380,
        "z": 0
      },
      "maxPos": {
        "x": 249.5,
        "y": 380,
        "z": 0
      }
    },
    "texture": "db96521b-2950-4aa7-a505-8c8a2fae94d1@6c48a",
    "packable": true,
    "pixelsToUnit": 100,
    "pivot": {
      "x": 0.5,
      "y": 0.5
    },
    "meshType": 0
  }
}