{
  "__type__": "cc.SpriteFrame",
  "content": {
    "name": "sgj_up_4",
    "atlas": "",
    "rect": {
      "x": 1,
      "y": 1,
      "width": 21,
      "height": 31
    },
    "offset": {
      "x": 0.5,
      "y": 0
    },
    "originalSize": {
      "width": 22,
      "height": 33
    },
    "rotated": false,
    "capInsets": [
      0,
      0,
      0,
      0
    ],
    "vertices": {
      "rawPosition": [
        -10.5,
        -15.5,
        0,
        10.5,
        -15.5,
        0,
        -10.5,
        15.5,
        0,
        10.5,
        15.5,
        0
      ],
      "indexes": [
        0,
        1,
        2,
        2,
        1,
        3
      ],
      "uv": [
        1,
        32,
        22,
        32,
        1,
        1,
        22,
        1
      ],
      "nuv": [
        0.045454545454545456,
        0.030303030303030304,
        1,
        0.030303030303030304,
        0.045454545454545456,
        0.9696969696969697,
        1,
        0.9696969696969697
      ],
      "minPos": {
        "x": -10.5,
        "y": -15.5,
        "z": 0
      },
      "maxPos": {
        "x": 10.5,
        "y": 15.5,
        "z": 0
      }
    },
    "texture": "b8b413a9-6c37-4dfb-a81b-f3dad8f87e1e@6c48a",
    "packable": true,
    "pixelsToUnit": 100,
    "pivot": {
      "x": 0.5,
      "y": 0.5
    },
    "meshType": 0
  }
}